Author,Birth year,Death year,Literary period,Genre,Birth region,Lifespan
Dante Alighieri,1265,1321,Middle Ages,Poetry,Tuscany,56
Francesco Petrarca,1304,1374,Middle Ages,Poetry,Tuscany,70
Giovanni Boccaccio,1313,1375,Middle Ages,Prose,Tuscany,62
Niccolò Machiavelli,1469,1527,Renaissance,Prose,Tuscany,58
Ludovico Ariosto,1474,1533,Renaissance,Poetry,Emilia-Romagna,59
Torquato Tasso,1544,1595,Renaissance,Poetry,Campania,51
Carlo Goldoni,1707,1793,Enlightenment,Drama,Veneto,86
Vittorio Alfieri,1749,1803,Enlightenment,Drama,Piedmont,54
Ugo Foscolo,1778,1827,Romanticism,Poetry,Ionian Islands,49
Alessandro Manzoni,1785,1873,Romanticism,Prose,Lombardy,88
Giacomo Leopardi,1798,1837,Romanticism,Poetry,Marche,39
Giosuè Carducci,1835,1907,Realism,Poetry,Tuscany,72
Giovanni Verga,1840,1922,Realism,Prose,Sicily,82
Gabriele D’Annunzio,1863,1938,Modernism,Poetry,Abruzzo,75
Luigi Pirandello,1867,1936,Modernism,Drama,Sicily,69
Italo Svevo,1861,1928,Modernism,Prose,Friuli-Venezia Giulia,67
Giuseppe Ungaretti,1888,1970,Modernism,Poetry,Alexandria,82
Eugenio Montale,1896,1981,Modernism,Poetry,Liguria,85
Salvatore Quasimodo,1901,1968,Modernism,Poetry,Sicily,67
Cesare Pavese,1908,1950,Postwar,Prose,Piedmont,42
Alberto Moravia,1907,1990,Postwar,Prose,Lazio,83
Primo Levi,1919,1987,Postwar,Prose,Piedmont,68
Pier Paolo Pasolini,1922,1975,Postwar,Poetry,Emilia-Romagna,53
Italo Calvino,1923,1985,Postwar,Prose,Cuba,62
Umberto Eco,1932,2016,Postwar,Prose,Piedmont,84